report_id,type,serial,time,lat,long
8709,incident,1,2022-06-09 04:45:00,36.15,-6.35
8748,incident,2,2022-06-18 06:00:00,36.12221666666667,-6.4001
8810,incident,3,2022-06-24 12:50:00,36.833333333333336,-8.916666666666666
8815,incident,4,2022-07-03 13:00:00,39.35,-9.583333333333334
8819,incident,6,2022-07-03 17:50:00,38.12016666666667,-9.023833333333334
8820,incident,7,2022-07-03 18:30:00,39.4104,-9.64025
8832,incident,8,2022-07-06 07:15:00,35.983333333333334,-5.916666666666667
8866,incident,9,2022-07-12 04:05:00,47.1,-5.5
8877,incident,10,2022-07-16 21:15:00,43.02333333333333,-9.546666666666667
8904,incident,11,2022-06-01 12:30:00,36.335,-6.279
8905,incident,12,2022-06-04 08:00:00,36.07333333333333,-5.998333333333333
8906,incident,13,2022-06-04 02:30:00,36.13333333333333,-6.35
8907,incident,14,2022-07-22 17:20:00,40.40833333333333,-8.893333333333333
8908,incident,15,2022-06-06 06:00:00,36.166666666666664,-6.25
8913,incident,16,2022-06-04 10:30:00,36.05,-6.416666666666667
8930,incident,17,2022-07-25 20:25:00,42.541666666666664,-9.255
8935,incident,18,2022-07-23 00:31:00,45.08083333333333,-2.0341666666666667
8938,incident,19,2022-07-25 05:50:00,42.2295,-9.337833333333334
8943,incident,20,2022-07-25 06:00:00,42.2295,-9.337833333333334
8952,incident,21,2022-07-28 14:15:00,48.15,-6.7
8954,incident,22,2022-07-30 14:10:00,43.8,-7.433333333333334
8991,incident,23,2022-08-02 10:20:00,43.141666666666666,-9.371666666666666
9017,incident,24,2022-08-06 14:50:00,42.866166666666665,-9.234166666666667
9020,incident,25,2022-07-29 12:03:00,43.95,-7.85
9021,incident,26,2022-08-05 10:00:00,43.21666666666667,-9.433333333333334
9040,incident,28,2022-08-08 08:30:00,49.25365,-8.5239
9043,incident,29,2022-08-10 14:30:00,43.30566666666667,-9.001
9050,incident,30,2022-08-08 11:30:00,43.38333333333333,-8.8
9051,incident,31,2022-08-06 18:17:00,42.8784,-9.305333333333333
9052,incident,32,2022-07-30 10:30:00,38.39286666666667,-9.080066666666667
9059,incident,33,2022-08-10 14:00:00,43.3055,-8.986
9072,incident,34,2022-08-12 09:20:00,43.7307,-8.086916666666667
9102,incident,36,2022-07-12 16:00:00,43.89881666666667,-8.029333333333334
9111,incident,37,2022-08-15 07:30:00,46.51358333333334,-5.05245
9124,incident,38,2022-07-28 15:30:00,43.3,-9.016666666666667
9125,incident,39,2022-08-15 01:15:00,43.28333333333333,-9.05
9178,incident,40,2022-08-13 15:00:00,43.77811,-8.467676666666666
9181,incident,41,2022-08-19 16:05:00,47.25,-7.416666666666667
9186,incident,42,2022-08-19 19:00:00,35.7606,-6.091283333333333
9191,incident,43,2022-08-21 14:30:00,43.13333333333333,-9.533333333333333
9201,incident,44,2022-08-27 14:30:00,42.25,-9.316666666666666
9207,incident,45,2022-08-26 14:05:00,36.64266666666666,-7.303966666666667
9223,incident,46,2022-08-27 15:30:00,47.61666666666667,-8.3
9224,incident,47,2022-08-27 20:30:00,47.15,-8.5
9225,incident,48,2022-08-28 12:00:00,45.766666666666666,-8.966666666666667
9228,incident,49,2022-06-07 17:00:00,38.035333333333334,-9.018166666666668
9231,incident,50,2022-08-30 19:30:00,44.193333333333335,-7.321666666666666
9248,incident,51,2022-08-31 07:30:00,37.95,-9.183333333333334
9271,incident,52,2022-08-23 18:45:00,35.87616666666667,-5.808333333333334
9277,incident,53,2022-04-13 15:15:00,35.86666666666667,-6.0183333333333335
9287,incident,54,2022-08-11 13:00:00,43.83533333333333,-8.382166666666667
9304,incident,55,2022-08-28 12:30:00,37.5,-9.033333333333333
9325,incident,56,2022-08-24 19:00:00,36.1,-6.016666666666667
9337,incident,57,2022-04-28 08:30:00,36.03333333333333,-5.7
9385,incident,58,2022-09-19 12:00:00,43.36018333333333,-8.68575
9388,incident,59,2022-09-17 13:49:00,42.71666666666667,-9.15
9391,incident,60,2022-09-19 14:30:00,43.3815,-8.599266666666667
9394,incident,61,2022-09-17 17:00:00,43.8685,-8.047
9399,incident,62,2022-09-16 10:10:00,41.98566666666667,-9.154333333333334
9425,incident,63,2022-08-06 14:10:00,42.833333333333336,-9.228333333333333
9435,incident,64,2022-09-22 14:30:00,40.06166666666667,-9.278333333333332
9441,incident,65,2022-08-22 07:15:00,42.833333333333336,-9.466666666666667
9442,incident,66,2022-08-25 06:00:00,43.0438,-9.375083333333333
9443,incident,67,2022-08-14 16:15:00,43.38333333333333,-8.816666666666666
9444,incident,68,2022-08-21 06:45:00,43.19551666666667,-9.20955
9445,incident,69,2022-08-20 21:00:00,43.306016666666665,-9.0598
9446,incident,70,2022-08-06 18:00:00,42.86666666666667,-9.416666666666666
9449,incident,71,2022-09-25 11:00:00,38.365,-9.181666666666667
9451,incident,72,2022-09-19 12:00:00,43.36666666666667,-8.666666666666666
9459,incident,73,2022-08-02 08:30:00,43.05948333333333,-9.309616666666667
9470,incident,74,2022-09-24 14:45:00,47.75,-7.196666666666666
9471,incident,75,2022-09-26 20:15:00,43.93333333333333,-9.916666666666666
9496,incident,76,2022-09-30 13:29:00,38.24326666666666,-8.866
9539,incident,77,2022-10-02 04:30:00,37.9,-9.1
9542,incident,78,2022-10-02 14:10:00,38.15,-9.05
9544,incident,79,2022-09-28 00:45:00,38.565333333333335,-9.563833333333333
9555,incident,80,2022-10-03 03:30:00,38.03,-9.006666666666666
9580,incident,81,2022-10-02 04:30:00,37.895133333333334,-9.138716666666667
9585,incident,82,2022-10-02 10:30:00,38.13093333333333,-9.048083333333333
9600,incident,83,2022-10-05 12:30:00,38.333333333333336,-9.05
9624,incident,84,2022-10-05 11:00:00,38.31,-9.048333333333334
9632,incident,85,2022-10-09 19:20:00,37,-8.533333333333333
9644,incident,86,2022-10-09 13:15:00,37.039,-8.348966666666666
9659,incident,87,2022-10-14 15:40:00,37.07,-9.136666666666667
9665,incident,88,2022-10-03 13:30:00,35.93333333333333,-5.716666666666667
9677,incident,89,2022-10-18 08:15:00,43.793483333333334,-7.754283333333333
9720,incident,90,2022-10-27 07:30:00,38.38333333333333,-9.266666666666667
9799,incident,91,2022-03-13 10:03:00,36.88333333333333,-8.633333333333333
9817,incident,92,2022-11-12 08:50:00,44.01,-7.543333333333333
9820,incident,93,2022-11-14 13:29:00,38.186618333333335,-9.07436
9948,incident,94,2022-11-01 11:05:00,41.68333333333333,-9.133333333333333
9952,incident,95,2022-05-02 11:37:00,36.04115,-5.923466666666666
9953,incident,96,2022-11-19 16:15:00,38.416666666666664,-9.066666666666666
9956,incident,97,2022-04-26 00:06:00,36.127583333333334,-6.0217833333333335
9961,incident,98,2022-10-20 13:00:00,46.03333333333333,-2.4333333333333336
10051,incident,99,2022-09-20 11:00:00,43.84048333333333,-8.14205
10054,incident,100,2022-11-24 09:35:00,42.89333333333333,-9.505
10091,incident,101,2022-11-20 10:50:00,38.6,-9.083333333333334
10101,incident,102,2022-06-01 11:00:00,36.157916666666665,-6.333616666666667
10111,incident,103,2022-11-16 16:00:00,38.48116666666667,-8.937666666666667
10114,incident,104,2022-12-03 12:33:00,38.61893333333333,-9.504816666666667
10120,incident,105,2022-12-03 16:00:00,38.7427,-9.563383333333332
10296,incident,106,2022-11-30 11:00:00,37.391333333333336,-8.9365
10307,incident,107,2022-09-16 12:00:00,42.083333333333336,-9.033333333333333
10320,incident,108,2023-01-07 04:00:00,35.902,-5.902066666666666
10424,incident,109,2023-02-07 18:05:00,35.85333333333333,-5.953333333333333
10428,incident,110,2023-02-12 15:11:00,35.81666666666667,-5.916666666666667
10460,incident,111,2023-02-20 13:15:00,38.440333333333335,-9.217833333333333
10465,incident,112,2023-02-21 15:00:00,38.400666666666666,-9.282
10495,incident,114,2023-01-26 23:05:00,38.416666666666664,-9.3
10615,incident,116,2023-03-10 07:15:00,35.8226,-5.972433333333333
10644,incident,117,2023-03-23 22:30:00,38.10433333333334,-9.179
10648,incident,118,2023-03-25 13:45:00,39.510333333333335,-9.408666666666667
10651,incident,119,2023-03-27 11:15:00,35.88333333333333,-5.833333333333333
10710,incident,120,2023-04-20 10:45:00,35.884166666666665,-5.839833333333333
11089,incident,122,2023-04-25 19:00:00,35.916666666666664,-5.733333333333333
11099,incident,123,2023-04-28 18:08:00,36.166666666666664,-7.066666666666666
11103,incident,124,2023-03-31 22:30:00,36.376666666666665,-7.6883333333333335
11137,incident,125,2023-05-05 00:12:00,35.99375,-5.976333333333333
11140,incident,126,2023-05-01 13:20:00,36.125,-5.888333333333334
11143,incident,127,2023-04-11 11:10:00,36.05583333333333,-6.1883333333333335
11145,incident,128,2023-05-06 12:53:00,36.14828333333333,-6.036416666666667
11160,incident,129,2023-05-06 18:50:00,36.083333333333336,-5.966666666666667
11163,incident,130,2022-08-06 07:05:00,47.46,-5.057666666666667
11166,incident,131,2023-05-08 22:30:00,35.89,-5.805
11173,incident,132,2023-05-11 16:35:00,36.126666666666665,-5.965
11175,incident,133,2023-05-07 06:30:00,35.991566666666664,-5.990516666666666
11194,incident,135,2023-05-12 15:00:00,36.11666666666667,-5.9675
11207,incident,136,2023-04-29 08:00:00,36.1,-5.9
11213,incident,137,2023-05-14 20:30:00,36.06825,-6.863316666666667
11230,incident,138,2022-07-22 15:20:00,36.13333333333333,-6.016666666666667
11241,incident,139,2023-05-25 14:00:00,36.016666666666666,-5.933333333333334
11245,incident,140,2023-05-15 00:10:00,36.05,-5.916666666666667
11279,incident,141,2023-06-02 20:45:00,36.03333333333333,-6.95
11280,incident,142,2023-06-03 04:30:00,36.03333333333333,-6.216666666666667
11281,incident,143,2023-06-03 07:10:00,36.11666666666667,-6.05
11330,incident,145,2023-06-09 03:45:00,35.891333333333336,-5.6642
11335,incident,146,2023-01-03 00:00:00,36.0417,-9.140983333333333
11354,incident,149,2023-06-25 15:05:00,36.95,-7.816666666666666
11356,incident,150,2023-06-25 14:15:00,36.95835,-7.816866666666667
11364,incident,151,2023-06-26 15:20:00,37.3848,-9.060566666666666
11378,incident,152,2023-06-25 21:00:00,36.95,-8.15
11386,incident,153,2023-06-30 00:05:00,36.39038333333333,-6.435316666666667
11395,incident,154,2023-07-02 18:50:00,35.90545,-5.271866666666667
11402,incident,155,2023-07-07 22:30:00,36.061,-5.939533333333333
11420,incident,156,2023-07-17 11:45:00,36.70673333333333,-7.910816666666666
11435,incident,157,2023-07-21 16:10:00,36.41,-4.8533333333333335
11481,incident,158,2023-08-09 11:30:00,38.2,-9.066666666666666
11490,incident,159,2023-07-15 23:58:00,36.25015,-5.187766666666667
11510,incident,160,2023-08-17 13:30:00,35.87833333333333,-5.6433333333333335
11523,incident,161,2023-08-22 11:50:00,42.896,-9.3565
11554,incident,163,2023-09-02 03:45:00,42.75,-9.233333333333333
11555,incident,164,2023-09-01 13:15:00,45.6,-3.75
11604,incident,165,2023-09-19 11:00:00,37.666666666666664,-8.9
12229,incident,166,2023-10-31 07:50:00,39.43333333333333,-9.383333333333333
12313,incident,167,2023-11-01 22:15:00,32.79163333333333,-9.906633333333334
12623,incident,168,2024-01-04 14:25:00,38.471666666666664,-9.318333333333333
12753,incident,171,2024-02-04 18:10:00,35.86666666666667,-5.8
12792,incident,172,2024-02-20 13:00:00,38.416666666666664,-9.533333333333333
12970,incident,173,2024-03-23 08:03:00,37.49666666666667,-9.085
13057,incident,174,2024-04-13 12:30:00,43.385,-8.938
13063,incident,175,2024-04-14 14:38:00,40.48956666666667,-9.204133333333333
13105,incident,176,2024-05-04 03:25:00,36.05651666666667,-5.9332
13114,incident,177,2024-05-03 09:02:00,36.083333333333336,-6.016666666666667
13130,incident,179,2024-05-06 20:15:00,36.11666666666667,-5.95
13196,incident,180,2024-04-29 06:30:00,35.858266666666665,-5.937133333333334
13231,incident,181,2024-05-03 17:07:00,36.6,-7.216666666666667
13255,incident,182,2024-05-16 06:00:00,38.583333333333336,-9.883333333333333
13268,incident,183,2024-05-22 21:45:00,35.983333333333334,-6.266666666666667
13296,incident,184,2024-05-31 01:40:00,36.13333333333333,-5.966666666666667
13335,incident,185,2024-06-06 23:20:00,36.11666666666667,-5.983333333333333
13363,incident,186,2024-06-17 10:45:00,37.166666666666664,-9.133333333333333
13364,incident,187,2024-06-18 03:00:00,37.77526666666667,-9.0101
13385,incident,188,2024-06-22 07:40:00,36.007666666666665,-5.876333333333333
13404,incident,189,2024-07-01 14:00:00,32.266666666666666,-15.183333333333334
13421,incident,190,2024-06-30 13:20:00,35.9,-5.733333333333333
13443,incident,191,2024-07-07 07:00:00,36.1,-5.95
13460,incident,192,2024-07-13 08:10:00,36.050983333333335,-5.401816666666667
13486,incident,193,2024-07-17 15:52:00,35.98,-5.621666666666666
13487,incident,194,2024-07-17 18:51:00,35.986666666666665,-6.073333333333333
13490,incident,195,2024-07-26 09:21:00,43.833333333333336,-2.7666666666666666
13609,incident,196,2024-08-11 13:58:00,36.141666666666666,-5.99
13623,incident,197,2024-08-28 12:15:00,40.583333333333336,-8.983333333333333
13624,incident,198,2024-08-25 15:30:00,43.35,-9.1
13666,incident,199,2024-09-02 14:45:00,42.483333333333334,-8.95
13667,incident,200,2024-09-05 16:07:00,43.31666666666667,-8.97
13690,incident,201,2024-09-17 11:15:00,35.96666666666667,-5.533333333333333
13704,incident,202,2024-09-21 12:00:00,42.983333333333334,-9.3
13707,incident,203,2024-09-21 08:00:00,43.0085,-9.401483333333333
13720,incident,204,2024-09-21 15:34:00,43.1415,-9.258966666666666
13731,incident,205,2024-09-30 14:06:00,38.30535,-9.170116666666667
13777,incident,206,2024-10-04 09:50:00,42.3686,-8.8672
13861,incident,207,2024-10-30 18:05:00,38.99333333333333,-9.49
13996,incident,208,2024-11-19 15:13:00,38.8,-9.5
14173,incident,209,2025-01-22 15:00:00,35.82476666666667,-5.28305
14234,incident,210,2025-02-02 19:15:00,35.88601666666667,-5.8302
14663,incident,211,2024-06-24 10:03:00,37.625,-8.846666666666666
14742,incident,212,2025-05-07 10:55:00,38.3935,-9.005333333333333
14895,incident,213,2025-06-28 17:15:00,40.318983333333335,-8.88865
14963,incident,214,2025-07-08 11:45:00,43.61666666666667,-3.0166666666666666
15004,incident,216,2025-07-27 20:05:00,43.5739,-8.446083333333334
15062,incident,218,2025-08-10 01:15:00,42,-9
15072,incident,219,2025-08-18 15:30:00,43.17166666666667,-9.398333333333333
15087,incident,220,2025-08-23 09:40:00,42.516666666666666,-8.95
15174,incident,222,2025-09-15 13:00:00,38.66558333333333,-9.4107
15194,incident,223,2025-09-23 15:40:00,41.35,-8.816666666666666
15294,incident,224,2025-02-06 15:05:00,37.00033333333333,-8.009333333333334
15297,incident,225,2025-10-07 18:45:00,43.472633333333334,-9.3813
15309,incident,226,2025-10-05 12:20:00,43.10991666666666,-9.30505
15340,incident,227,2025-10-27 12:45:00,42.80393333333333,-9.260216666666667
15434,incident,229,2025-11-20 08:35:00,39.88333333333333,-9.166666666666666
15554,incident,230,2025-12-04 16:00:00,35.833333333333336,-5.916666666666667
15829,incident,231,2025-12-03 23:00:00,36.5,-3.5
15969,incident,232,2025-12-23 02:16:00,41.8541,-9.379533333333333
16034,incident,233,2026-01-10 19:00:00,36.58833333333333,-7.541666666666667
16451,incident,234,2026-04-07 08:50:00,35.85,-6.033333333333333
8593,uneventful,1,,,
8611,uneventful,2,,,
8612,uneventful,3,,,
8623,uneventful,4,,,
8633,uneventful,5,,,
8634,uneventful,6,,,
8684,uneventful,7,,,
8703,uneventful,8,,,
8704,uneventful,9,,,
8714,uneventful,10,,,
8733,uneventful,11,,,
8737,uneventful,12,,,
8739,uneventful,13,,,
8747,uneventful,14,,,
8755,uneventful,15,,,
8781,uneventful,16,,,
8825,uneventful,18,,,
8829,uneventful,19,,,
8834,uneventful,20,,,
8868,uneventful,21,,,
8874,uneventful,22,,,
8888,uneventful,23,,,
8898,uneventful,24,,,
8909,uneventful,25,,,
8912,uneventful,26,,,
8915,uneventful,27,,,
8933,uneventful,28,,,
8934,uneventful,29,,,
8948,uneventful,32,,,
8969,uneventful,33,,,
9003,uneventful,34,,,
9006,uneventful,35,,,
9014,uneventful,36,,,
9018,uneventful,37,,,
9022,uneventful,38,,,
9023,uneventful,39,,,
9037,uneventful,41,,,
9038,uneventful,42,,,
9042,uneventful,43,,,
9044,uneventful,44,,,
9045,uneventful,45,,,
9046,uneventful,46,,,
9047,uneventful,47,,,
9048,uneventful,48,,,
9049,uneventful,49,,,
9054,uneventful,50,,,
9057,uneventful,51,,,
9060,uneventful,52,,,
9062,uneventful,53,,,
9063,uneventful,54,,,
9065,uneventful,55,,,
9066,uneventful,56,,,
9067,uneventful,57,,,
9068,uneventful,58,,,
9069,uneventful,59,,,
9070,uneventful,60,,,
9071,uneventful,61,,,
9073,uneventful,62,,,
9074,uneventful,63,,,
9075,uneventful,64,,,
9077,uneventful,65,,,
9084,uneventful,66,,,
9085,uneventful,67,,,
9086,uneventful,68,,,
9089,uneventful,69,,,
9091,uneventful,70,,,
9092,uneventful,71,,,
9093,uneventful,72,,,
9095,uneventful,73,,,
9096,uneventful,74,,,
9097,uneventful,75,,,
9100,uneventful,76,,,
9101,uneventful,77,,,
9104,uneventful,79,,,
9105,uneventful,80,,,
9106,uneventful,81,,,
9109,uneventful,82,,,
9110,uneventful,83,,,
9120,uneventful,84,,,
9123,uneventful,85,,,
9126,uneventful,86,,,
9130,uneventful,87,,,
9131,uneventful,88,,,
9136,uneventful,89,,,
9143,uneventful,90,,,
9144,uneventful,91,,,
9145,uneventful,92,,,
9146,uneventful,93,,,
9147,uneventful,94,,,
9148,uneventful,95,,,
9149,uneventful,96,,,
9156,uneventful,97,,,
9164,uneventful,98,,,
9165,uneventful,99,,,
9172,uneventful,100,,,
9173,uneventful,101,,,
9177,uneventful,102,,,
9180,uneventful,103,,,
9182,uneventful,104,,,
9183,uneventful,105,,,
9188,uneventful,106,,,
9190,uneventful,107,,,
9192,uneventful,108,,,
9193,uneventful,109,,,
9211,uneventful,110,,,
9212,uneventful,111,,,
9214,uneventful,112,,,
9215,uneventful,113,,,
9233,uneventful,114,,,
9249,uneventful,115,,,
9295,uneventful,116,,,
9297,uneventful,117,,,
9300,uneventful,118,,,
9338,uneventful,119,,,
9366,uneventful,120,,,
9367,uneventful,121,,,
9371,uneventful,122,,,
9374,uneventful,123,,,
9380,uneventful,124,,,
9383,uneventful,125,,,
9386,uneventful,126,,,
9387,uneventful,127,,,
9395,uneventful,128,,,
9397,uneventful,129,,,
9411,uneventful,130,,,
9412,uneventful,131,,,
9415,uneventful,132,,,
9416,uneventful,133,,,
9418,uneventful,134,,,
9421,uneventful,135,,,
9422,uneventful,136,,,
9431,uneventful,137,,,
9432,uneventful,138,,,
9433,uneventful,139,,,
9447,uneventful,140,,,
9461,uneventful,141,,,
9462,uneventful,142,,,
9465,uneventful,143,,,
9466,uneventful,144,,,
9468,uneventful,146,,,
9472,uneventful,147,,,
9475,uneventful,148,,,
9476,uneventful,149,,,
9477,uneventful,150,,,
9478,uneventful,151,,,
9479,uneventful,152,,,
9480,uneventful,153,,,
9483,uneventful,154,,,
9484,uneventful,155,,,
9487,uneventful,156,,,
9489,uneventful,157,,,
9490,uneventful,158,,,
9495,uneventful,159,,,
9500,uneventful,160,,,
9501,uneventful,161,,,
9502,uneventful,162,,,
9503,uneventful,163,,,
9504,uneventful,164,,,
9505,uneventful,165,,,
9510,uneventful,166,,,
9526,uneventful,167,,,
9528,uneventful,169,,,
9543,uneventful,170,,,
9550,uneventful,171,,,
9551,uneventful,172,,,
9557,uneventful,173,,,
9558,uneventful,174,,,
9560,uneventful,175,,,
9561,uneventful,176,,,
9562,uneventful,177,,,
9563,uneventful,178,,,
9564,uneventful,179,,,
9565,uneventful,180,,,
9566,uneventful,181,,,
9567,uneventful,182,,,
9568,uneventful,183,,,
9569,uneventful,184,,,
9577,uneventful,185,,,
9579,uneventful,186,,,
9582,uneventful,187,,,
9583,uneventful,188,,,
9584,uneventful,189,,,
9595,uneventful,190,,,
9599,uneventful,191,,,
9601,uneventful,192,,,
9603,uneventful,193,,,
9605,uneventful,195,,,
9606,uneventful,196,,,
9608,uneventful,197,,,
9609,uneventful,198,,,
9610,uneventful,199,,,
9611,uneventful,200,,,
9614,uneventful,201,,,
9617,uneventful,202,,,
9618,uneventful,203,,,
9619,uneventful,204,,,
9620,uneventful,205,,,
9622,uneventful,206,,,
9625,uneventful,207,,,
9626,uneventful,208,,,
9627,uneventful,209,,,
9628,uneventful,210,,,
9629,uneventful,211,,,
9630,uneventful,212,,,
9631,uneventful,213,,,
9646,uneventful,214,,,
9647,uneventful,215,,,
9648,uneventful,216,,,
9649,uneventful,217,,,
9662,uneventful,218,,,
9682,uneventful,220,,,
9777,uneventful,221,,,
9815,uneventful,222,,,
9823,uneventful,223,,,
9826,uneventful,226,,,
9954,uneventful,227,,,
9957,uneventful,228,,,
9958,uneventful,229,,,
9959,uneventful,230,,,
10113,uneventful,231,,,
10117,uneventful,232,,,
10118,uneventful,233,,,
10122,uneventful,234,,,
10130,uneventful,235,,,
10132,uneventful,236,,,
10136,uneventful,237,,,
10218,uneventful,238,,,
10254,uneventful,239,,,
10264,uneventful,240,,,
10265,uneventful,241,,,
10266,uneventful,242,,,
10267,uneventful,243,,,
10268,uneventful,244,,,
10407,uneventful,245,,,
10441,uneventful,246,,,
10476,uneventful,247,,,
10486,uneventful,248,,,
10487,uneventful,249,,,
10524,uneventful,250,,,
10527,uneventful,251,,,
10528,uneventful,252,,,
10529,uneventful,253,,,
10530,uneventful,254,,,
10531,uneventful,255,,,
10533,uneventful,256,,,
10677,uneventful,257,,,
10678,uneventful,258,,,
10695,uneventful,259,,,
10696,uneventful,260,,,
10697,uneventful,261,,,
10698,uneventful,262,,,
10700,uneventful,263,,,
11085,uneventful,264,,,
11129,uneventful,265,,,
11180,uneventful,266,,,
11181,uneventful,267,,,
11182,uneventful,268,,,
11183,uneventful,269,,,
11188,uneventful,270,,,
11190,uneventful,271,,,
11204,uneventful,272,,,
11208,uneventful,273,,,
11221,uneventful,274,,,
11231,uneventful,275,,,
11234,uneventful,276,,,
11240,uneventful,277,,,
11242,uneventful,278,,,
11243,uneventful,279,,,
11244,uneventful,280,,,
11246,uneventful,281,,,
11249,uneventful,283,,,
11251,uneventful,284,,,
11253,uneventful,285,,,
11257,uneventful,286,,,
11259,uneventful,287,,,
11260,uneventful,288,,,
11261,uneventful,289,,,
11272,uneventful,290,,,
11278,uneventful,292,,,
11283,uneventful,293,,,
11284,uneventful,294,,,
11287,uneventful,295,,,
11288,uneventful,296,,,
11289,uneventful,297,,,
11291,uneventful,298,,,
11297,uneventful,299,,,
11300,uneventful,301,,,
11301,uneventful,302,,,
11314,uneventful,303,,,
11315,uneventful,304,,,
11322,uneventful,305,,,
11334,uneventful,307,,,
11336,uneventful,308,,,
11343,uneventful,309,,,
11352,uneventful,310,,,
11359,uneventful,311,,,
11363,uneventful,312,,,
11369,uneventful,313,,,
11371,uneventful,314,,,
11372,uneventful,315,,,
11373,uneventful,316,,,
11374,uneventful,317,,,
11379,uneventful,321,,,
11387,uneventful,322,,,
11396,uneventful,323,,,
11400,uneventful,324,,,
11412,uneventful,325,,,
11427,uneventful,326,,,
11443,uneventful,327,,,
11447,uneventful,328,,,
11451,uneventful,329,,,
11468,uneventful,330,,,
11482,uneventful,331,,,
11486,uneventful,332,,,
11487,uneventful,333,,,
11492,uneventful,334,,,
11502,uneventful,335,,,
11507,uneventful,336,,,
11509,uneventful,337,,,
11521,uneventful,338,,,
11522,uneventful,339,,,
11526,uneventful,340,,,
11530,uneventful,341,,,
11532,uneventful,342,,,
11536,uneventful,343,,,
11540,uneventful,347,,,
11541,uneventful,348,,,
11542,uneventful,349,,,
11545,uneventful,350,,,
11546,uneventful,351,,,
11547,uneventful,352,,,
11548,uneventful,353,,,
11549,uneventful,354,,,
11559,uneventful,355,,,
11566,uneventful,356,,,
11572,uneventful,357,,,
11575,uneventful,358,,,
11577,uneventful,359,,,
11581,uneventful,360,,,
11582,uneventful,361,,,
11583,uneventful,362,,,
11593,uneventful,363,,,
11763,uneventful,364,,,
11767,uneventful,365,,,
12052,uneventful,366,,,
12177,uneventful,367,,,
12326,uneventful,368,,,
12756,uneventful,369,,,
12915,uneventful,370,,,
12963,uneventful,371,,,
13037,uneventful,372,,,
13038,uneventful,373,,,
13039,uneventful,374,,,
13068,uneventful,375,,,
13077,uneventful,376,,,
13113,uneventful,377,,,
13134,uneventful,378,,,
13227,uneventful,379,,,
13229,uneventful,380,,,
13234,uneventful,381,,,
13237,uneventful,382,,,
13238,uneventful,383,,,
13276,uneventful,384,,,
13286,uneventful,385,,,
13340,uneventful,386,,,
13368,uneventful,388,,,
13374,uneventful,389,,,
13379,uneventful,390,,,
13391,uneventful,391,,,
13392,uneventful,392,,,
13394,uneventful,393,,,
13395,uneventful,394,,,
13397,uneventful,395,,,
13414,uneventful,396,,,
13435,uneventful,397,,,
13437,uneventful,398,,,
13440,uneventful,399,,,
13447,uneventful,400,,,
13452,uneventful,401,,,
13459,uneventful,402,,,
13471,uneventful,403,,,
13480,uneventful,405,,,
13519,uneventful,406,,,
13564,uneventful,407,,,
13597,uneventful,409,,,
13598,uneventful,410,,,
13605,uneventful,411,,,
13613,uneventful,412,,,
13634,uneventful,413,,,
13643,uneventful,414,,,
13650,uneventful,415,,,
13653,uneventful,417,,,
13815,uneventful,418,,,
13829,uneventful,419,,,
13834,uneventful,420,,,
13855,uneventful,421,,,
14013,uneventful,422,,,
14053,uneventful,423,,,
14115,uneventful,424,,,
14141,uneventful,425,,,
14157,uneventful,426,,,
14641,uneventful,427,,,
14642,uneventful,428,,,
14645,uneventful,429,,,
14646,uneventful,430,,,
14647,uneventful,431,,,
14648,uneventful,432,,,
14649,uneventful,433,,,
14650,uneventful,434,,,
14659,uneventful,435,,,
14667,uneventful,436,,,
14731,uneventful,437,,,
14745,uneventful,438,,,
14760,uneventful,439,,,
14761,uneventful,440,,,
14861,uneventful,441,,,
14880,uneventful,442,,,
14881,uneventful,443,,,
14993,uneventful,446,,,
15003,uneventful,447,,,
15080,uneventful,449,,,
15083,uneventful,450,,,
15084,uneventful,451,,,
15085,uneventful,452,,,
15089,uneventful,453,,,
15135,uneventful,454,,,
15193,uneventful,455,,,
15196,uneventful,456,,,
15204,uneventful,457,,,
15205,uneventful,458,,,
15215,uneventful,459,,,
15227,uneventful,460,,,
15334,uneventful,461,,,
15377,uneventful,462,,,
15378,uneventful,463,,,
15379,uneventful,464,,,
15380,uneventful,465,,,
16190,uneventful,466,,,
